{"cameraMode":{"drawMode":0,"name":"Shaded","section":"Shading Mode"},"sceneLighting":false,"audioPlay":false,"sceneViewState":{"m_AlwaysRefresh":false,"showFog":true,"showSkybox":false,"showFlares":true,"showImageEffects":true,"showParticleSystems":true,"showVisualEffectGraphs":true,"m_FxEnabled":true},"in2DMode":false,"pivot":{"x":-1.8300000429153443,"y":2.180000066757202,"z":-0.7867153286933899},"rotation":{"x":0.008689725771546364,"y":-0.01590844988822937,"z":-0.0002186856436310336,"w":-0.9999064207077026},"size":0.29154762625694277,"orthographic":false}