{"cameraMode":{"drawMode":0,"name":"Shaded","section":"Shading Mode"},"sceneLighting":false,"audioPlay":false,"sceneViewState":{"m_AlwaysRefresh":false,"showFog":true,"showSkybox":false,"showFlares":true,"showImageEffects":true,"showParticleSystems":true,"showVisualEffectGraphs":true,"m_FxEnabled":true},"in2DMode":false,"pivot":{"x":-0.3690253496170044,"y":2.1822264194488527,"z":-0.32083582878112795},"rotation":{"x":-0.06248333677649498,"y":0.1556454747915268,"z":-0.009951619431376458,"w":-0.9858595728874207},"size":0.2905340790748596,"orthographic":false}