{"cameraMode":{"drawMode":0,"name":"Shaded","section":"Shading Mode"},"sceneLighting":true,"audioPlay":false,"sceneViewState":{"m_AlwaysRefresh":false,"showFog":true,"showSkybox":true,"showFlares":true,"showImageEffects":true,"showParticleSystems":true,"showVisualEffectGraphs":true,"m_FxEnabled":true},"in2DMode":false,"pivot":{"x":-11.954715728759766,"y":-6.092712879180908,"z":0.08873271942138672},"rotation":{"x":-0.18617141246795655,"y":0.6051397919654846,"z":-0.14829479157924653,"w":-0.7597671747207642},"size":10.909567832946778,"orthographic":false}